-- --------------------------------------------------------
-- Host:                         127.0.0.1
-- Versión del servidor:         11.6.2-MariaDB-log - mariadb.org binary distribution
-- SO del servidor:              Win64
-- HeidiSQL Versión:             12.8.0.6908
-- --------------------------------------------------------

/*!40101 SET @OLD_CHARACTER_SET_CLIENT=@@CHARACTER_SET_CLIENT */;
/*!40101 SET NAMES utf8 */;
/*!50503 SET NAMES utf8mb4 */;
/*!40103 SET @OLD_TIME_ZONE=@@TIME_ZONE */;
/*!40103 SET TIME_ZONE='+00:00' */;
/*!40014 SET @OLD_FOREIGN_KEY_CHECKS=@@FOREIGN_KEY_CHECKS, FOREIGN_KEY_CHECKS=0 */;
/*!40101 SET @OLD_SQL_MODE=@@SQL_MODE, SQL_MODE='NO_AUTO_VALUE_ON_ZERO' */;
/*!40111 SET @OLD_SQL_NOTES=@@SQL_NOTES, SQL_NOTES=0 */;


-- Volcando estructura de base de datos para gasolinas1
CREATE DATABASE IF NOT EXISTS `gasolinas1` /*!40100 DEFAULT CHARACTER SET utf8mb4 COLLATE utf8mb4_general_ci */;
USE `gasolinas1`;

-- Volcando estructura para tabla gasolinas1.estacion
CREATE TABLE IF NOT EXISTS `estacion` (
  `id` int(11) NOT NULL AUTO_INCREMENT,
  `nombre` varchar(100) NOT NULL,
  `direccion` varchar(255) DEFAULT NULL,
  `tipoestacion` varchar(50) DEFAULT NULL,
  PRIMARY KEY (`id`)
) ENGINE=InnoDB AUTO_INCREMENT=5 DEFAULT CHARSET=utf8mb4 COLLATE=utf8mb4_general_ci;

-- Volcando datos para la tabla gasolinas1.estacion: ~4 rows (aproximadamente)
INSERT INTO `estacion` (`id`, `nombre`, `direccion`, `tipoestacion`) VALUES
	(1, 'La Rinconada', 'Av. Principal s/n', 'Lima'),
	(3, 'America Soler', 'Av. bolognesi s/n', 'trujillo'),
	(4, 'El Porvenir', 'Av. porvenir s/n', 'trujillo');

-- Volcando estructura para tabla gasolinas1.inventario
CREATE TABLE IF NOT EXISTS `inventario` (
  `id` int(11) NOT NULL AUTO_INCREMENT,
  `productoid` int(11) NOT NULL,
  `estacionid` int(11) NOT NULL,
  `fecha` date NOT NULL,
  `cantidad` decimal(10,2) NOT NULL,
  PRIMARY KEY (`id`),
  KEY `productoid` (`productoid`),
  KEY `estacionid` (`estacionid`),
  CONSTRAINT `inventario_ibfk_1` FOREIGN KEY (`productoid`) REFERENCES `productos` (`id`),
  CONSTRAINT `inventario_ibfk_2` FOREIGN KEY (`estacionid`) REFERENCES `estacion` (`id`)
) ENGINE=InnoDB AUTO_INCREMENT=656 DEFAULT CHARSET=utf8mb4 COLLATE=utf8mb4_general_ci;

-- Volcando datos para la tabla gasolinas1.inventario: ~639 rows (aproximadamente)
INSERT INTO `inventario` (`id`, `productoid`, `estacionid`, `fecha`, `cantidad`) VALUES
	(1, 1, 1, '2020-03-01', 3376.98),
	(2, 2, 1, '2020-03-01', 0.00),
	(3, 3, 1, '2020-03-01', 0.00),
	(4, 4, 1, '2020-03-01', 336.00),
	(5, 5, 1, '2020-03-01', 87.00),
	(6, 6, 1, '2020-03-01', 0.00),
	(7, 1, 1, '2020-03-02', 3977.38),
	(8, 2, 1, '2020-03-02', 0.00),
	(9, 3, 1, '2020-03-02', 0.00),
	(10, 4, 1, '2020-03-02', 592.50),
	(11, 5, 1, '2020-03-02', 168.00),
	(12, 6, 1, '2020-03-02', 0.00),
	(13, 1, 1, '2020-03-03', 4259.34),
	(14, 2, 1, '2020-03-03', 0.00),
	(15, 3, 1, '2020-03-03', 0.00),
	(16, 4, 1, '2020-03-03', 765.53),
	(17, 5, 1, '2020-03-03', 190.50),
	(18, 6, 1, '2020-03-03', 0.00),
	(19, 1, 1, '2020-03-04', 4361.61),
	(20, 2, 1, '2020-03-04', 0.00),
	(21, 3, 1, '2020-03-04', 0.00),
	(22, 4, 1, '2020-03-04', 673.20),
	(23, 5, 1, '2020-03-04', 309.09),
	(24, 6, 1, '2020-03-04', 0.00),
	(25, 1, 1, '2020-03-05', 3060.31),
	(26, 2, 1, '2020-03-05', 0.00),
	(27, 3, 1, '2020-03-05', 0.00),
	(28, 4, 1, '2020-03-05', 729.98),
	(29, 5, 1, '2020-03-05', 245.99),
	(30, 6, 1, '2020-03-05', 0.00),
	(31, 1, 1, '2020-03-06', 3902.80),
	(32, 2, 1, '2020-03-06', 0.00),
	(33, 3, 1, '2020-03-06', 0.00),
	(34, 4, 1, '2020-03-06', 877.67),
	(35, 5, 1, '2020-03-06', 279.30),
	(36, 6, 1, '2020-03-06', 0.00),
	(37, 1, 1, '2020-03-07', 3730.08),
	(38, 2, 1, '2020-03-07', 0.00),
	(39, 3, 1, '2020-03-07', 0.00),
	(40, 4, 1, '2020-03-07', 456.99),
	(41, 5, 1, '2020-03-07', 211.01),
	(42, 6, 1, '2020-03-07', 0.00),
	(43, 1, 1, '2020-03-08', 3052.49),
	(44, 2, 1, '2020-03-08', 0.00),
	(45, 3, 1, '2020-03-08', 0.00),
	(46, 4, 1, '2020-03-08', 488.10),
	(47, 5, 1, '2020-03-08', 130.50),
	(48, 6, 1, '2020-03-08', 0.00),
	(49, 1, 1, '2020-03-09', 3508.72),
	(50, 2, 1, '2020-03-09', 0.00),
	(51, 3, 1, '2020-03-09', 0.00),
	(52, 4, 1, '2020-03-09', 788.28),
	(53, 5, 1, '2020-03-09', 174.19),
	(54, 6, 1, '2020-03-09', 0.00),
	(55, 1, 1, '2020-03-10', 3439.10),
	(56, 2, 1, '2020-03-10', 0.00),
	(57, 3, 1, '2020-03-10', 0.00),
	(58, 4, 1, '2020-03-10', 612.70),
	(59, 5, 1, '2020-03-10', 206.00),
	(60, 6, 1, '2020-03-10', 0.00),
	(61, 1, 1, '2020-03-11', 3419.03),
	(62, 2, 1, '2020-03-11', 0.00),
	(63, 3, 1, '2020-03-11', 0.00),
	(64, 4, 1, '2020-03-11', 885.58),
	(65, 5, 1, '2020-03-11', 265.91),
	(66, 6, 1, '2020-03-11', 0.00),
	(67, 1, 1, '2020-03-12', 3459.00),
	(68, 2, 1, '2020-03-12', 0.00),
	(69, 3, 1, '2020-03-12', 0.00),
	(70, 4, 1, '2020-03-12', 1167.97),
	(71, 5, 1, '2020-03-12', 415.52),
	(72, 6, 1, '2020-03-12', 0.00),
	(73, 1, 1, '2020-03-13', 2907.68),
	(74, 2, 1, '2020-03-13', 0.00),
	(75, 3, 1, '2020-03-13', 0.00),
	(76, 4, 1, '2020-03-13', 622.47),
	(77, 5, 1, '2020-03-13', 317.00),
	(78, 6, 1, '2020-03-13', 0.00),
	(79, 1, 1, '2020-03-14', 3352.01),
	(80, 2, 1, '2020-03-14', 0.00),
	(81, 3, 1, '2020-03-14', 0.00),
	(82, 4, 1, '2020-03-14', 717.39),
	(83, 5, 1, '2020-03-14', 185.53),
	(84, 6, 1, '2020-03-14', 0.00),
	(85, 1, 1, '2020-03-15', 2882.17),
	(86, 2, 1, '2020-03-15', 0.00),
	(87, 3, 1, '2020-03-15', 0.00),
	(88, 4, 1, '2020-03-15', 632.40),
	(89, 5, 1, '2020-03-15', 95.80),
	(90, 6, 1, '2020-03-15', 0.00),
	(91, 1, 1, '2020-03-16', 2678.14),
	(92, 2, 1, '2020-03-16', 0.00),
	(93, 3, 1, '2020-03-16', 0.00),
	(94, 4, 1, '2020-03-16', 837.01),
	(95, 5, 1, '2020-03-16', 105.00),
	(96, 6, 1, '2020-03-16', 0.00),
	(97, 1, 1, '2020-03-01', 3376.98),
	(98, 2, 1, '2020-03-01', 0.00),
	(99, 3, 1, '2020-03-01', 0.00),
	(100, 4, 1, '2020-03-01', 336.00),
	(101, 5, 1, '2020-03-01', 87.00),
	(102, 6, 1, '2020-03-01', 0.00),
	(103, 1, 1, '2020-03-02', 3977.38),
	(104, 2, 1, '2020-03-02', 0.00),
	(105, 3, 1, '2020-03-02', 0.00),
	(106, 4, 1, '2020-03-02', 592.50),
	(107, 5, 1, '2020-03-02', 168.00),
	(108, 6, 1, '2020-03-02', 0.00),
	(109, 1, 1, '2020-03-03', 4259.34),
	(110, 2, 1, '2020-03-03', 0.00),
	(111, 3, 1, '2020-03-03', 0.00),
	(112, 4, 1, '2020-03-03', 765.53),
	(113, 5, 1, '2020-03-03', 190.50),
	(114, 6, 1, '2020-03-03', 0.00),
	(115, 1, 1, '2020-03-04', 4361.61),
	(116, 2, 1, '2020-03-04', 0.00),
	(117, 3, 1, '2020-03-04', 0.00),
	(118, 4, 1, '2020-03-04', 673.20),
	(119, 5, 1, '2020-03-04', 309.09),
	(120, 6, 1, '2020-03-04', 0.00),
	(121, 1, 1, '2020-03-05', 3060.31),
	(122, 2, 1, '2020-03-05', 0.00),
	(123, 3, 1, '2020-03-05', 0.00),
	(124, 4, 1, '2020-03-05', 729.98),
	(125, 5, 1, '2020-03-05', 245.99),
	(126, 6, 1, '2020-03-05', 0.00),
	(127, 1, 1, '2020-03-06', 3902.80),
	(128, 2, 1, '2020-03-06', 0.00),
	(129, 3, 1, '2020-03-06', 0.00),
	(130, 4, 1, '2020-03-06', 877.67),
	(131, 5, 1, '2020-03-06', 279.30),
	(132, 6, 1, '2020-03-06', 0.00),
	(133, 1, 1, '2020-03-07', 3730.08),
	(134, 2, 1, '2020-03-07', 0.00),
	(135, 3, 1, '2020-03-07', 0.00),
	(136, 4, 1, '2020-03-07', 456.99),
	(137, 5, 1, '2020-03-07', 211.01),
	(138, 6, 1, '2020-03-07', 0.00),
	(139, 1, 1, '2020-03-08', 3052.49),
	(140, 2, 1, '2020-03-08', 0.00),
	(141, 3, 1, '2020-03-08', 0.00),
	(142, 4, 1, '2020-03-08', 488.10),
	(143, 5, 1, '2020-03-08', 130.50),
	(144, 6, 1, '2020-03-08', 0.00),
	(145, 1, 1, '2020-03-09', 3508.72),
	(146, 2, 1, '2020-03-09', 0.00),
	(147, 3, 1, '2020-03-09', 0.00),
	(148, 4, 1, '2020-03-09', 788.28),
	(149, 5, 1, '2020-03-09', 174.19),
	(150, 6, 1, '2020-03-09', 0.00),
	(151, 1, 1, '2020-03-10', 3439.10),
	(152, 2, 1, '2020-03-10', 0.00),
	(153, 3, 1, '2020-03-10', 0.00),
	(154, 4, 1, '2020-03-10', 612.70),
	(155, 5, 1, '2020-03-10', 206.00),
	(156, 6, 1, '2020-03-10', 0.00),
	(157, 1, 1, '2020-03-11', 3419.03),
	(158, 2, 1, '2020-03-11', 0.00),
	(159, 3, 1, '2020-03-11', 0.00),
	(160, 4, 1, '2020-03-11', 885.58),
	(161, 5, 1, '2020-03-11', 265.91),
	(162, 6, 1, '2020-03-11', 0.00),
	(163, 1, 1, '2020-03-12', 3459.00),
	(164, 2, 1, '2020-03-12', 0.00),
	(165, 3, 1, '2020-03-12', 0.00),
	(166, 4, 1, '2020-03-12', 1167.97),
	(167, 5, 1, '2020-03-12', 415.52),
	(168, 6, 1, '2020-03-12', 0.00),
	(169, 1, 1, '2020-03-13', 2907.68),
	(170, 2, 1, '2020-03-13', 0.00),
	(171, 3, 1, '2020-03-13', 0.00),
	(172, 4, 1, '2020-03-13', 622.47),
	(173, 5, 1, '2020-03-13', 317.00),
	(174, 6, 1, '2020-03-13', 0.00),
	(175, 1, 1, '2020-03-14', 3352.01),
	(176, 2, 1, '2020-03-14', 0.00),
	(177, 3, 1, '2020-03-14', 0.00),
	(178, 4, 1, '2020-03-14', 717.39),
	(179, 5, 1, '2020-03-14', 185.53),
	(180, 6, 1, '2020-03-14', 0.00),
	(181, 1, 1, '2020-03-15', 2882.17),
	(182, 2, 1, '2020-03-15', 0.00),
	(183, 3, 1, '2020-03-15', 0.00),
	(184, 4, 1, '2020-03-15', 632.40),
	(185, 5, 1, '2020-03-15', 95.80),
	(186, 6, 1, '2020-03-15', 0.00),
	(187, 1, 1, '2020-03-16', 2678.14),
	(188, 2, 1, '2020-03-16', 0.00),
	(189, 3, 1, '2020-03-16', 0.00),
	(190, 4, 1, '2020-03-16', 837.01),
	(191, 5, 1, '2020-03-16', 105.00),
	(192, 6, 1, '2020-03-16', 0.00),
	(193, 1, 1, '2020-03-01', 3376.98),
	(194, 2, 1, '2020-03-01', 0.00),
	(195, 3, 1, '2020-03-01', 0.00),
	(196, 4, 1, '2020-03-01', 336.00),
	(197, 5, 1, '2020-03-01', 87.00),
	(198, 6, 1, '2020-03-01', 0.00),
	(199, 1, 1, '2020-03-02', 3977.38),
	(200, 2, 1, '2020-03-02', 0.00),
	(201, 3, 1, '2020-03-02', 0.00),
	(202, 4, 1, '2020-03-02', 592.50),
	(203, 5, 1, '2020-03-02', 168.00),
	(204, 6, 1, '2020-03-02', 0.00),
	(205, 1, 1, '2020-03-03', 4259.34),
	(206, 2, 1, '2020-03-03', 0.00),
	(207, 3, 1, '2020-03-03', 0.00),
	(208, 4, 1, '2020-03-03', 765.53),
	(209, 5, 1, '2020-03-03', 190.50),
	(210, 6, 1, '2020-03-03', 0.00),
	(211, 1, 1, '2020-03-04', 4361.61),
	(212, 2, 1, '2020-03-04', 0.00),
	(213, 3, 1, '2020-03-04', 0.00),
	(214, 4, 1, '2020-03-04', 673.20),
	(215, 5, 1, '2020-03-04', 309.09),
	(216, 6, 1, '2020-03-04', 0.00),
	(217, 1, 1, '2020-03-05', 3060.31),
	(218, 2, 1, '2020-03-05', 0.00),
	(219, 3, 1, '2020-03-05', 0.00),
	(220, 4, 1, '2020-03-05', 729.98),
	(221, 5, 1, '2020-03-05', 245.99),
	(222, 6, 1, '2020-03-05', 0.00),
	(223, 1, 1, '2020-03-06', 3902.80),
	(224, 2, 1, '2020-03-06', 0.00),
	(225, 3, 1, '2020-03-06', 0.00),
	(226, 4, 1, '2020-03-06', 877.67),
	(227, 5, 1, '2020-03-06', 279.30),
	(228, 6, 1, '2020-03-06', 0.00),
	(229, 1, 1, '2020-03-07', 3730.08),
	(230, 2, 1, '2020-03-07', 0.00),
	(231, 3, 1, '2020-03-07', 0.00),
	(232, 4, 1, '2020-03-07', 456.99),
	(233, 5, 1, '2020-03-07', 211.01),
	(234, 6, 1, '2020-03-07', 0.00),
	(235, 1, 1, '2020-03-08', 3052.49),
	(236, 2, 1, '2020-03-08', 0.00),
	(237, 3, 1, '2020-03-08', 0.00),
	(238, 4, 1, '2020-03-08', 488.10),
	(239, 5, 1, '2020-03-08', 130.50),
	(240, 6, 1, '2020-03-08', 0.00),
	(241, 1, 1, '2020-03-09', 3508.72),
	(242, 2, 1, '2020-03-09', 0.00),
	(243, 3, 1, '2020-03-09', 0.00),
	(244, 4, 1, '2020-03-09', 788.28),
	(245, 5, 1, '2020-03-09', 174.19),
	(246, 6, 1, '2020-03-09', 0.00),
	(247, 1, 1, '2020-03-10', 3439.10),
	(248, 2, 1, '2020-03-10', 0.00),
	(249, 3, 1, '2020-03-10', 0.00),
	(250, 4, 1, '2020-03-10', 612.70),
	(251, 5, 1, '2020-03-10', 206.00),
	(252, 6, 1, '2020-03-10', 0.00),
	(253, 1, 1, '2020-03-11', 3419.03),
	(254, 2, 1, '2020-03-11', 0.00),
	(255, 3, 1, '2020-03-11', 0.00),
	(256, 4, 1, '2020-03-11', 885.58),
	(257, 5, 1, '2020-03-11', 265.91),
	(258, 6, 1, '2020-03-11', 0.00),
	(259, 1, 1, '2020-03-12', 3459.00),
	(260, 2, 1, '2020-03-12', 0.00),
	(261, 3, 1, '2020-03-12', 0.00),
	(262, 4, 1, '2020-03-12', 1167.97),
	(263, 5, 1, '2020-03-12', 415.52),
	(264, 6, 1, '2020-03-12', 0.00),
	(265, 1, 1, '2020-03-13', 2907.68),
	(266, 2, 1, '2020-03-13', 0.00),
	(267, 3, 1, '2020-03-13', 0.00),
	(268, 4, 1, '2020-03-13', 622.47),
	(269, 5, 1, '2020-03-13', 317.00),
	(270, 6, 1, '2020-03-13', 0.00),
	(271, 1, 1, '2020-03-14', 3352.01),
	(272, 2, 1, '2020-03-14', 0.00),
	(273, 3, 1, '2020-03-14', 0.00),
	(274, 4, 1, '2020-03-14', 717.39),
	(275, 5, 1, '2020-03-14', 185.53),
	(276, 6, 1, '2020-03-14', 0.00),
	(277, 1, 1, '2020-03-15', 2882.17),
	(278, 2, 1, '2020-03-15', 0.00),
	(279, 3, 1, '2020-03-15', 0.00),
	(280, 4, 1, '2020-03-15', 632.40),
	(281, 5, 1, '2020-03-15', 95.80),
	(282, 6, 1, '2020-03-15', 0.00),
	(283, 1, 1, '2020-03-16', 2678.14),
	(284, 2, 1, '2020-03-16', 0.00),
	(285, 3, 1, '2020-03-16', 0.00),
	(286, 4, 1, '2020-03-16', 837.01),
	(287, 5, 1, '2020-03-16', 105.00),
	(288, 6, 1, '2020-03-16', 0.00),
	(289, 1, 1, '2020-03-01', 3376.98),
	(290, 2, 1, '2020-03-01', 0.00),
	(291, 3, 1, '2020-03-01', 0.00),
	(292, 4, 1, '2020-03-01', 336.00),
	(293, 5, 1, '2020-03-01', 87.00),
	(294, 6, 1, '2020-03-01', 0.00),
	(295, 1, 1, '2020-03-02', 3977.38),
	(296, 2, 1, '2020-03-02', 0.00),
	(297, 3, 1, '2020-03-02', 0.00),
	(298, 4, 1, '2020-03-02', 592.50),
	(299, 5, 1, '2020-03-02', 168.00),
	(300, 6, 1, '2020-03-02', 0.00),
	(301, 1, 1, '2020-03-03', 4259.34),
	(302, 2, 1, '2020-03-03', 0.00),
	(303, 3, 1, '2020-03-03', 0.00),
	(304, 4, 1, '2020-03-03', 765.53),
	(305, 5, 1, '2020-03-03', 190.50),
	(306, 6, 1, '2020-03-03', 0.00),
	(307, 1, 1, '2020-03-04', 4361.61),
	(308, 2, 1, '2020-03-04', 0.00),
	(309, 3, 1, '2020-03-04', 0.00),
	(310, 4, 1, '2020-03-04', 673.20),
	(311, 5, 1, '2020-03-04', 309.09),
	(312, 6, 1, '2020-03-04', 0.00),
	(313, 1, 1, '2020-03-05', 3060.31),
	(314, 2, 1, '2020-03-05', 0.00),
	(315, 3, 1, '2020-03-05', 0.00),
	(316, 4, 1, '2020-03-05', 729.98),
	(317, 5, 1, '2020-03-05', 245.99),
	(318, 6, 1, '2020-03-05', 0.00),
	(319, 1, 1, '2020-03-06', 3902.80),
	(320, 2, 1, '2020-03-06', 0.00),
	(321, 3, 1, '2020-03-06', 0.00),
	(322, 4, 1, '2020-03-06', 877.67),
	(323, 5, 1, '2020-03-06', 279.30),
	(324, 6, 1, '2020-03-06', 0.00),
	(325, 1, 1, '2020-03-07', 3730.08),
	(326, 2, 1, '2020-03-07', 0.00),
	(327, 3, 1, '2020-03-07', 0.00),
	(328, 4, 1, '2020-03-07', 456.99),
	(329, 5, 1, '2020-03-07', 211.01),
	(330, 6, 1, '2020-03-07', 0.00),
	(331, 1, 1, '2020-03-08', 3052.49),
	(332, 2, 1, '2020-03-08', 0.00),
	(333, 3, 1, '2020-03-08', 0.00),
	(334, 4, 1, '2020-03-08', 488.10),
	(335, 5, 1, '2020-03-08', 130.50),
	(336, 6, 1, '2020-03-08', 0.00),
	(337, 1, 1, '2020-03-09', 3508.72),
	(338, 2, 1, '2020-03-09', 0.00),
	(339, 3, 1, '2020-03-09', 0.00),
	(340, 4, 1, '2020-03-09', 788.28),
	(341, 5, 1, '2020-03-09', 174.19),
	(342, 6, 1, '2020-03-09', 0.00),
	(343, 1, 1, '2020-03-10', 3439.10),
	(344, 2, 1, '2020-03-10', 0.00),
	(345, 3, 1, '2020-03-10', 0.00),
	(346, 4, 1, '2020-03-10', 612.70),
	(347, 5, 1, '2020-03-10', 206.00),
	(348, 6, 1, '2020-03-10', 0.00),
	(349, 1, 1, '2020-03-11', 3419.03),
	(350, 2, 1, '2020-03-11', 0.00),
	(351, 3, 1, '2020-03-11', 0.00),
	(352, 4, 1, '2020-03-11', 885.58),
	(353, 5, 1, '2020-03-11', 265.91),
	(354, 6, 1, '2020-03-11', 0.00),
	(355, 1, 1, '2020-03-12', 3459.00),
	(356, 2, 1, '2020-03-12', 0.00),
	(357, 3, 1, '2020-03-12', 0.00),
	(358, 4, 1, '2020-03-12', 1167.97),
	(359, 5, 1, '2020-03-12', 415.52),
	(360, 6, 1, '2020-03-12', 0.00),
	(361, 1, 1, '2020-03-13', 2907.68),
	(362, 2, 1, '2020-03-13', 0.00),
	(363, 3, 1, '2020-03-13', 0.00),
	(364, 4, 1, '2020-03-13', 622.47),
	(365, 5, 1, '2020-03-13', 317.00),
	(366, 6, 1, '2020-03-13', 0.00),
	(367, 1, 1, '2020-03-14', 3352.01),
	(368, 2, 1, '2020-03-14', 0.00),
	(369, 3, 1, '2020-03-14', 0.00),
	(370, 4, 1, '2020-03-14', 717.39),
	(371, 5, 1, '2020-03-14', 185.53),
	(372, 6, 1, '2020-03-14', 0.00),
	(373, 1, 1, '2020-03-15', 2882.17),
	(374, 2, 1, '2020-03-15', 0.00),
	(375, 3, 1, '2020-03-15', 0.00),
	(376, 4, 1, '2020-03-15', 632.40),
	(377, 5, 1, '2020-03-15', 95.80),
	(378, 6, 1, '2020-03-15', 0.00),
	(379, 1, 1, '2020-03-16', 2678.14),
	(380, 2, 1, '2020-03-16', 0.00),
	(381, 3, 1, '2020-03-16', 0.00),
	(382, 4, 1, '2020-03-16', 837.01),
	(383, 5, 1, '2020-03-16', 105.00),
	(384, 6, 1, '2020-03-16', 0.00),
	(385, 1, 1, '2020-03-17', 1998.40),
	(386, 2, 1, '2020-03-17', 0.00),
	(387, 3, 1, '2020-03-17', 0.00),
	(388, 4, 1, '2020-03-17', 447.30),
	(389, 5, 1, '2020-03-17', 37.74),
	(390, 6, 1, '2020-03-17', 0.00),
	(391, 1, 1, '2020-03-17', 1998.40),
	(392, 2, 1, '2020-03-17', 0.00),
	(393, 3, 1, '2020-03-17', 0.00),
	(394, 4, 1, '2020-03-17', 447.30),
	(395, 5, 1, '2020-03-17', 37.74),
	(397, 1, 1, '2020-03-17', 1998.40),
	(398, 2, 1, '2020-03-17', 0.00),
	(399, 3, 1, '2020-03-17', 0.00),
	(400, 4, 1, '2020-03-17', 447.30),
	(401, 5, 1, '2020-03-17', 37.74),
	(402, 6, 1, '2020-03-17', 0.00),
	(403, 8, 1, '2025-06-06', 100.00),
	(404, 8, 1, '2025-06-06', 100.00),
	(405, 8, 1, '2025-06-06', 100.00),
	(406, 1, 1, '2020-03-17', 1998.40),
	(407, 2, 1, '2020-03-17', 0.00),
	(408, 3, 1, '2020-03-17', 0.00),
	(409, 4, 1, '2020-03-17', 447.30),
	(410, 5, 1, '2020-03-17', 37.74),
	(411, 6, 1, '2020-03-17', 0.00),
	(412, 1, 1, '2020-03-17', 1998.40),
	(413, 2, 1, '2020-03-17', 0.00),
	(414, 3, 1, '2020-03-17', 0.00),
	(415, 4, 1, '2020-03-17', 447.30),
	(416, 5, 1, '2020-03-17', 37.74),
	(417, 6, 1, '2020-03-17', 0.00),
	(418, 8, 1, '2020-03-17', 3410.40),
	(433, 1, 1, '2020-03-17', 1998.40),
	(434, 2, 1, '2020-03-17', 0.00),
	(435, 3, 1, '2020-03-17', 0.00),
	(436, 4, 1, '2020-03-17', 447.30),
	(437, 5, 1, '2020-03-17', 37.74),
	(438, 6, 1, '2020-03-17', 0.00),
	(439, 8, 1, '2020-03-17', 3410.40),
	(441, 1, 1, '2020-03-17', 1998.40),
	(442, 2, 1, '2020-03-17', 0.00),
	(443, 3, 1, '2020-03-17', 0.00),
	(444, 4, 1, '2020-03-17', 447.30),
	(445, 5, 1, '2020-03-17', 37.74),
	(446, 6, 1, '2020-03-17', 0.00),
	(447, 8, 1, '2020-03-17', 3410.40),
	(448, 1, 1, '2020-03-01', 3376.98),
	(449, 2, 1, '2020-03-01', 0.00),
	(450, 3, 1, '2020-03-01', 0.00),
	(451, 4, 1, '2020-03-01', 336.00),
	(452, 5, 1, '2020-03-01', 87.00),
	(453, 6, 1, '2020-03-01', 0.00),
	(454, 1, 1, '2020-03-02', 3977.38),
	(455, 2, 1, '2020-03-02', 0.00),
	(456, 3, 1, '2020-03-02', 0.00),
	(457, 4, 1, '2020-03-02', 592.50),
	(458, 5, 1, '2020-03-02', 168.00),
	(459, 6, 1, '2020-03-02', 0.00),
	(460, 1, 1, '2020-03-03', 4259.34),
	(461, 2, 1, '2020-03-03', 0.00),
	(462, 3, 1, '2020-03-03', 0.00),
	(463, 4, 1, '2020-03-03', 765.53),
	(464, 5, 1, '2020-03-03', 190.50),
	(465, 6, 1, '2020-03-03', 0.00),
	(466, 1, 1, '2020-03-04', 4361.61),
	(467, 2, 1, '2020-03-04', 0.00),
	(468, 3, 1, '2020-03-04', 0.00),
	(469, 4, 1, '2020-03-04', 673.20),
	(470, 5, 1, '2020-03-04', 309.09),
	(471, 6, 1, '2020-03-04', 0.00),
	(472, 1, 1, '2020-03-05', 3060.31),
	(473, 2, 1, '2020-03-05', 0.00),
	(474, 3, 1, '2020-03-05', 0.00),
	(475, 4, 1, '2020-03-05', 729.98),
	(476, 5, 1, '2020-03-05', 245.99),
	(477, 6, 1, '2020-03-05', 0.00),
	(478, 1, 1, '2020-03-06', 3902.80),
	(479, 2, 1, '2020-03-06', 0.00),
	(480, 3, 1, '2020-03-06', 0.00),
	(481, 4, 1, '2020-03-06', 877.67),
	(482, 5, 1, '2020-03-06', 279.30),
	(483, 6, 1, '2020-03-06', 0.00),
	(484, 1, 1, '2020-03-07', 3730.08),
	(485, 2, 1, '2020-03-07', 0.00),
	(486, 3, 1, '2020-03-07', 0.00),
	(487, 4, 1, '2020-03-07', 456.99),
	(488, 5, 1, '2020-03-07', 211.01),
	(489, 6, 1, '2020-03-07', 0.00),
	(490, 1, 1, '2020-03-08', 3052.49),
	(491, 2, 1, '2020-03-08', 0.00),
	(492, 3, 1, '2020-03-08', 0.00),
	(493, 4, 1, '2020-03-08', 488.10),
	(494, 5, 1, '2020-03-08', 130.50),
	(495, 6, 1, '2020-03-08', 0.00),
	(496, 1, 1, '2020-03-09', 3508.72),
	(497, 2, 1, '2020-03-09', 0.00),
	(498, 3, 1, '2020-03-09', 0.00),
	(499, 4, 1, '2020-03-09', 788.28),
	(500, 5, 1, '2020-03-09', 174.19),
	(501, 6, 1, '2020-03-09', 0.00),
	(502, 1, 1, '2020-03-10', 3439.10),
	(503, 2, 1, '2020-03-10', 0.00),
	(504, 3, 1, '2020-03-10', 0.00),
	(505, 4, 1, '2020-03-10', 612.70),
	(506, 5, 1, '2020-03-10', 206.00),
	(507, 6, 1, '2020-03-10', 0.00),
	(508, 1, 1, '2020-03-11', 3419.03),
	(509, 2, 1, '2020-03-11', 0.00),
	(510, 3, 1, '2020-03-11', 0.00),
	(511, 4, 1, '2020-03-11', 885.58),
	(512, 5, 1, '2020-03-11', 265.91),
	(513, 6, 1, '2020-03-11', 0.00),
	(514, 1, 1, '2020-03-12', 3459.00),
	(515, 2, 1, '2020-03-12', 0.00),
	(516, 3, 1, '2020-03-12', 0.00),
	(517, 4, 1, '2020-03-12', 1167.97),
	(518, 5, 1, '2020-03-12', 415.52),
	(519, 6, 1, '2020-03-12', 0.00),
	(520, 1, 1, '2020-03-13', 2907.68),
	(521, 2, 1, '2020-03-13', 0.00),
	(522, 3, 1, '2020-03-13', 0.00),
	(523, 4, 1, '2020-03-13', 622.47),
	(524, 5, 1, '2020-03-13', 317.00),
	(525, 6, 1, '2020-03-13', 0.00),
	(526, 1, 1, '2020-03-14', 3352.01),
	(527, 2, 1, '2020-03-14', 0.00),
	(528, 3, 1, '2020-03-14', 0.00),
	(529, 4, 1, '2020-03-14', 717.39),
	(530, 5, 1, '2020-03-14', 185.53),
	(531, 6, 1, '2020-03-14', 0.00),
	(532, 1, 1, '2020-03-15', 2882.17),
	(533, 2, 1, '2020-03-15', 0.00),
	(534, 3, 1, '2020-03-15', 0.00),
	(535, 4, 1, '2020-03-15', 632.40),
	(536, 5, 1, '2020-03-15', 95.80),
	(537, 6, 1, '2020-03-15', 0.00),
	(538, 1, 1, '2020-03-16', 2678.14),
	(539, 2, 1, '2020-03-16', 0.00),
	(540, 3, 1, '2020-03-16', 0.00),
	(541, 4, 1, '2020-03-16', 837.01),
	(542, 5, 1, '2020-03-16', 105.00),
	(543, 6, 1, '2020-03-16', 0.00),
	(544, 1, 1, '2020-03-01', 3376.98),
	(545, 2, 1, '2020-03-01', 0.00),
	(546, 3, 1, '2020-03-01', 0.00),
	(547, 4, 1, '2020-03-01', 336.00),
	(548, 5, 1, '2020-03-01', 87.00),
	(549, 6, 1, '2020-03-01', 0.00),
	(550, 8, 1, '2020-03-01', 4213.49),
	(551, 1, 1, '2020-03-02', 3977.38),
	(552, 2, 1, '2020-03-02', 0.00),
	(553, 3, 1, '2020-03-02', 0.00),
	(554, 4, 1, '2020-03-02', 592.50),
	(555, 5, 1, '2020-03-02', 168.00),
	(556, 6, 1, '2020-03-02', 0.00),
	(557, 8, 1, '2020-03-02', 3218.93),
	(558, 1, 1, '2020-03-03', 4259.34),
	(559, 2, 1, '2020-03-03', 0.00),
	(560, 3, 1, '2020-03-03', 0.00),
	(561, 4, 1, '2020-03-03', 765.53),
	(562, 5, 1, '2020-03-03', 190.50),
	(563, 6, 1, '2020-03-03', 0.00),
	(564, 8, 1, '2020-03-03', 3773.01),
	(565, 1, 1, '2020-03-04', 4361.61),
	(566, 2, 1, '2020-03-04', 0.00),
	(567, 3, 1, '2020-03-04', 0.00),
	(568, 4, 1, '2020-03-04', 673.20),
	(569, 5, 1, '2020-03-04', 309.09),
	(570, 6, 1, '2020-03-04', 0.00),
	(571, 8, 1, '2020-03-04', 2869.69),
	(572, 1, 1, '2020-03-05', 3060.31),
	(573, 2, 1, '2020-03-05', 0.00),
	(574, 3, 1, '2020-03-05', 0.00),
	(575, 4, 1, '2020-03-05', 729.98),
	(576, 5, 1, '2020-03-05', 245.99),
	(577, 6, 1, '2020-03-05', 0.00),
	(578, 8, 1, '2020-03-05', 7041.29),
	(579, 1, 1, '2020-03-06', 3902.80),
	(580, 2, 1, '2020-03-06', 0.00),
	(581, 3, 1, '2020-03-06', 0.00),
	(582, 4, 1, '2020-03-06', 877.67),
	(583, 5, 1, '2020-03-06', 279.30),
	(584, 6, 1, '2020-03-06', 0.00),
	(585, 8, 1, '2020-03-06', 4423.86),
	(586, 1, 1, '2020-03-07', 3730.08),
	(587, 2, 1, '2020-03-07', 0.00),
	(588, 3, 1, '2020-03-07', 0.00),
	(589, 4, 1, '2020-03-07', 456.99),
	(590, 5, 1, '2020-03-07', 211.01),
	(591, 6, 1, '2020-03-07', 0.00),
	(592, 8, 1, '2020-03-07', 3511.62),
	(593, 1, 1, '2020-03-08', 3052.49),
	(594, 2, 1, '2020-03-08', 0.00),
	(595, 3, 1, '2020-03-08', 0.00),
	(596, 4, 1, '2020-03-08', 488.10),
	(597, 5, 1, '2020-03-08', 130.50),
	(598, 6, 1, '2020-03-08', 0.00),
	(599, 8, 1, '2020-03-08', 3087.56),
	(600, 1, 1, '2020-03-09', 3508.72),
	(601, 2, 1, '2020-03-09', 0.00),
	(602, 3, 1, '2020-03-09', 0.00),
	(603, 4, 1, '2020-03-09', 788.28),
	(604, 5, 1, '2020-03-09', 174.19),
	(605, 6, 1, '2020-03-09', 0.00),
	(606, 8, 1, '2020-03-09', 6513.39),
	(607, 1, 1, '2020-03-10', 3439.10),
	(608, 2, 1, '2020-03-10', 0.00),
	(609, 3, 1, '2020-03-10', 0.00),
	(610, 4, 1, '2020-03-10', 612.70),
	(611, 5, 1, '2020-03-10', 206.00),
	(612, 6, 1, '2020-03-10', 0.00),
	(613, 8, 1, '2020-03-10', 1801.62),
	(614, 1, 1, '2020-03-11', 3419.03),
	(615, 2, 1, '2020-03-11', 0.00),
	(616, 3, 1, '2020-03-11', 0.00),
	(617, 4, 1, '2020-03-11', 885.58),
	(618, 5, 1, '2020-03-11', 265.91),
	(619, 6, 1, '2020-03-11', 0.00),
	(620, 8, 1, '2020-03-11', 3798.83),
	(621, 1, 1, '2020-03-12', 3459.00),
	(622, 2, 1, '2020-03-12', 0.00),
	(623, 3, 1, '2020-03-12', 0.00),
	(624, 4, 1, '2020-03-12', 1167.97),
	(625, 5, 1, '2020-03-12', 415.52),
	(626, 6, 1, '2020-03-12', 0.00),
	(627, 8, 1, '2020-03-12', 4173.38),
	(628, 1, 1, '2020-03-13', 2907.68),
	(629, 2, 1, '2020-03-13', 0.00),
	(630, 3, 1, '2020-03-13', 0.00),
	(631, 4, 1, '2020-03-13', 622.47),
	(632, 5, 1, '2020-03-13', 317.00),
	(633, 6, 1, '2020-03-13', 0.00),
	(634, 8, 1, '2020-03-13', 4573.67),
	(635, 1, 1, '2020-03-14', 3352.01),
	(636, 2, 1, '2020-03-14', 0.00),
	(637, 3, 1, '2020-03-14', 0.00),
	(638, 4, 1, '2020-03-14', 717.39),
	(639, 5, 1, '2020-03-14', 185.53),
	(640, 6, 1, '2020-03-14', 0.00),
	(641, 8, 1, '2020-03-14', 2604.42),
	(642, 1, 1, '2020-03-15', 2882.17),
	(643, 2, 1, '2020-03-15', 0.00),
	(644, 3, 1, '2020-03-15', 0.00),
	(645, 4, 1, '2020-03-15', 632.40),
	(646, 5, 1, '2020-03-15', 95.80),
	(647, 6, 1, '2020-03-15', 0.00),
	(648, 8, 1, '2020-03-15', 4525.66),
	(649, 1, 1, '2020-03-16', 2678.14),
	(650, 2, 1, '2020-03-16', 0.00),
	(651, 3, 1, '2020-03-16', 0.00),
	(652, 4, 1, '2020-03-16', 837.01),
	(653, 5, 1, '2020-03-16', 105.00),
	(654, 6, 1, '2020-03-16', 0.00),
	(655, 8, 1, '2020-03-16', 4464.77);

-- Volcando estructura para tabla gasolinas1.precio
CREATE TABLE IF NOT EXISTS `precio` (
  `id` int(11) NOT NULL AUTO_INCREMENT,
  `productoid` int(11) NOT NULL,
  `estacionid` int(11) NOT NULL,
  `precio` decimal(10,2) NOT NULL,
  `fechacambio` date NOT NULL,
  PRIMARY KEY (`id`),
  KEY `productoid` (`productoid`),
  KEY `estacionid` (`estacionid`),
  CONSTRAINT `precio_ibfk_1` FOREIGN KEY (`productoid`) REFERENCES `productos` (`id`),
  CONSTRAINT `precio_ibfk_2` FOREIGN KEY (`estacionid`) REFERENCES `estacion` (`id`)
) ENGINE=InnoDB DEFAULT CHARSET=utf8mb4 COLLATE=utf8mb4_general_ci;

-- Volcando datos para la tabla gasolinas1.precio: ~0 rows (aproximadamente)

-- Volcando estructura para tabla gasolinas1.productos
CREATE TABLE IF NOT EXISTS `productos` (
  `id` int(11) NOT NULL AUTO_INCREMENT,
  `nombre` varchar(100) NOT NULL,
  `descripcion` text DEFAULT NULL,
  PRIMARY KEY (`id`)
) ENGINE=InnoDB AUTO_INCREMENT=15 DEFAULT CHARSET=utf8mb4 COLLATE=utf8mb4_general_ci;

-- Volcando datos para la tabla gasolinas1.productos: ~7 rows (aproximadamente)
INSERT INTO `productos` (`id`, `nombre`, `descripcion`) VALUES
	(1, 'GLP', ''),
	(2, 'G-97', ''),
	(3, 'G-95', ''),
	(4, 'REGULAR 90', ''),
	(5, 'PREMIUM 95', ''),
	(6, 'K', ''),
	(8, 'DB5', '');

-- Volcando estructura para tabla gasolinas1.ventas
CREATE TABLE IF NOT EXISTS `ventas` (
  `id` int(11) NOT NULL AUTO_INCREMENT,
  `productoid` int(11) NOT NULL,
  `estacionid` int(11) NOT NULL,
  `dia_venta` date NOT NULL,
  `cantidad` decimal(10,2) NOT NULL,
  PRIMARY KEY (`id`),
  KEY `productoid` (`productoid`),
  KEY `estacionid` (`estacionid`),
  CONSTRAINT `ventas_ibfk_1` FOREIGN KEY (`productoid`) REFERENCES `productos` (`id`),
  CONSTRAINT `ventas_ibfk_2` FOREIGN KEY (`estacionid`) REFERENCES `estacion` (`id`)
) ENGINE=InnoDB DEFAULT CHARSET=utf8mb4 COLLATE=utf8mb4_general_ci;

-- Volcando datos para la tabla gasolinas1.ventas: ~0 rows (aproximadamente)

/*!40103 SET TIME_ZONE=IFNULL(@OLD_TIME_ZONE, 'system') */;
/*!40101 SET SQL_MODE=IFNULL(@OLD_SQL_MODE, '') */;
/*!40014 SET FOREIGN_KEY_CHECKS=IFNULL(@OLD_FOREIGN_KEY_CHECKS, 1) */;
/*!40101 SET CHARACTER_SET_CLIENT=@OLD_CHARACTER_SET_CLIENT */;
/*!40111 SET SQL_NOTES=IFNULL(@OLD_SQL_NOTES, 1) */;
